epoch,value,layer_name,trace
0,42880.65673828125,model.flatten,within
0,127.08755588531494,model.flatten,between
0,43007.744294166565,model.flatten,sum
0,42880.65673828125,model.fc0,within
0,127.08755302429199,model.fc0,between
0,43007.74429130554,model.fc0,sum
0,14271.129638671875,model.relu0,within
0,41.09236168861389,model.relu0,between
0,14312.222000360489,model.relu0,sum
0,5372.744873046875,model.fc1,within
0,13.309015274047852,model.fc1,between
0,5386.053888320923,model.fc1,sum
0,1796.5634002685547,model.relu1,within
0,4.479277953505516,model.relu1,between
0,1801.0426782220602,model.relu1,sum
0,715.6005516052246,model.fc2,within
0,1.5694919005036354,model.fc2,between
0,717.1700435057282,model.fc2,sum
0,241.65942001342773,model.relu2,within
0,0.5279140807688236,model.relu2,between
0,242.18733409419656,model.relu2,sum
0,99.75155210494995,model.fc3,within
0,0.19789823610335588,model.fc3,between
0,99.9494503410533,model.fc3,sum
0,33.356913328170776,model.relu3,within
0,0.06646654126234353,model.relu3,between
0,33.42337986943312,model.relu3,sum
0,13.86035168170929,model.fc4,within
0,0.02523789438419044,model.fc4,between
0,13.88558957609348,model.fc4,sum
0,4.589216202497482,model.relu4,within
0,0.00837974579189904,model.relu4,between
0,4.597595948289381,model.relu4,sum
0,1.9601608291268349,model.fc5,within
0,0.0033709163835737854,model.fc5,between
0,1.9635317455104087,model.fc5,sum
0,0.6536929868161678,model.relu5,within
0,0.0011175489198649302,model.relu5,between
0,0.6548105357360328,model.relu5,sum
0,0.31272331066429615,model.fc6,within
0,0.0005205166944506345,model.fc6,between
0,0.3132438273587468,model.fc6,sum
0,0.10497314622625709,model.relu6,within
0,0.00017887620015244465,model.relu6,between
0,0.10515202242640953,model.relu6,sum
0,0.05248279171064496,model.fc7,within
0,8.823289840620419e-05,model.fc7,between
0,0.052571024609051165,model.fc7,sum
0,0.017422276781871915,model.relu7,within
0,2.903980600876821e-05,model.relu7,between
0,0.017451316587880683,model.relu7,sum
0,0.008658259583171457,model.fc8,within
0,1.4349004857194814e-05,model.fc8,between
0,0.008672608588028652,model.fc8,sum
0,0.00288173025182914,model.relu8,within
0,4.741108597272614e-06,model.relu8,between
0,0.0028864713604264125,model.relu8,sum
0,0.0013694341469090432,model.fc9,within
0,2.2874324869803786e-06,model.fc9,between
0,0.0013717215793960236,model.fc9,sum
0,0.0004562787762552034,model.relu9,within
0,7.864031132953642e-07,model.relu9,between
0,0.0004570651793684988,model.relu9,sum
0,0.00022994025584921474,model.fc10,within
0,3.9706037213704803e-07,model.fc10,between
0,0.00023033731622135178,model.fc10,sum
0,42880.65673828125,model,within
0,127.08755588531494,model,between
0,43007.744294166565,model,sum
0,42880.65673828125,,within
0,127.08755588531494,,between
0,43007.744294166565,,sum
1,43959.081787109375,model.flatten,within
1,120.29345750808716,model.flatten,between
1,44079.37524461746,model.flatten,sum
1,43959.081298828125,model.fc0,within
1,120.29345273971558,model.fc0,between
1,44079.37475156784,model.fc0,sum
1,10745.397216796875,model.relu0,within
1,28.679948210716248,model.relu0,between
1,10774.077165007591,model.relu0,sum
1,4054.216064453125,model.fc1,within
1,9.374272376298904,model.fc1,between
1,4063.590336829424,model.fc1,sum
1,995.2430076599121,model.relu1,within
1,2.315271519124508,model.relu1,between
1,997.5582791790366,model.relu1,sum
1,396.9486026763916,model.fc2,within
1,0.807582825422287,model.fc2,between
1,397.7561855018139,model.fc2,sum
1,98.48467111587524,model.relu2,within
1,0.19894843362271786,model.relu2,between
1,98.68361954949796,model.relu2,sum
1,40.91842460632324,model.fc3,within
1,0.07561903586611152,model.fc3,between
1,40.994043642189354,model.fc3,sum
1,10.05054759979248,model.relu3,within
1,0.01892725977813825,model.relu3,between
1,10.069474859570619,model.relu3,sum
1,4.301282435655594,model.fc4,within
1,0.007517174148233607,model.fc4,between
1,4.3087996098038275,model.fc4,sum
1,1.0443675145506859,model.relu4,within
1,0.0018348333178437315,model.relu4,between
1,1.0462023478685296,model.relu4,sum
1,0.4631198588758707,model.fc5,within
1,0.0007851904192648362,model.fc5,between
1,0.46390504929513554,model.fc5,sum
1,0.11350373178720474,model.relu5,within
1,0.00019174303906766,model.relu5,between
1,0.1136954748262724,model.relu5,sum
1,0.05619044741615653,model.fc6,within
1,9.165464484794938e-05,model.fc6,between
1,0.05628210206100448,model.fc6,sum
1,0.013905105355661362,model.relu6,within
1,2.339396837669483e-05,model.relu6,between
1,0.013928499324038057,model.relu6,sum
1,0.007121465547243133,model.fc7,within
1,1.1820696158792998e-05,model.fc7,between
1,0.007133286243401926,model.fc7,sum
1,0.0017471335959271528,model.relu7,within
1,2.9835023838131747e-06,model.relu7,between
1,0.001750117098310966,model.relu7,sum
1,0.0008644081281090621,model.fc8,within
1,1.472328406748602e-06,model.fc8,between
1,0.0008658804565158107,model.fc8,sum
1,0.00021161524000490317,model.relu8,within
1,3.6555429616669244e-07,model.relu8,between
1,0.00021198079430106986,model.relu8,sum
1,9.888126669466146e-05,model.fc9,within
1,1.7418942999114506e-07,model.fc9,between
1,9.905545612465261e-05,model.fc9,sum
1,2.4259228553091816e-05,model.relu9,within
1,4.364192207617634e-08,model.relu9,between
1,2.4302870475167992e-05,model.relu9,sum
1,1.1009113677573623e-05,model.fc10,within
1,2.038948881954994e-08,model.fc10,between
1,1.1029503166393173e-05,model.fc10,sum
1,43959.081787109375,model,within
1,120.29345750808716,model,between
1,44079.37524461746,model,sum
1,43959.081787109375,,within
1,120.29345750808716,,between
1,44079.37524461746,,sum
2,43746.550537109375,model.flatten,within
2,123.12627172470093,model.flatten,between
2,43869.676808834076,model.flatten,sum
2,43746.550537109375,model.fc0,within
2,123.12626647949219,model.fc0,between
2,43869.67680358887,model.fc0,sum
2,7805.160797119141,model.relu0,within
2,21.38994336128235,model.relu0,between
2,7826.550740480423,model.relu0,sum
2,2941.1810913085938,model.fc1,within
2,6.949614763259888,model.fc1,between
2,2948.1307060718536,model.fc1,sum
2,526.7272472381592,model.relu1,within
2,1.2407115027308464,model.relu1,between
2,527.96795874089,model.relu1,sum
2,210.1881446838379,model.fc2,within
2,0.4374187681823969,model.fc2,between
2,210.6255634520203,model.fc2,sum
2,38.01997995376587,model.relu2,within
2,0.07945277774706483,model.relu2,between
2,38.099432731512934,model.relu2,sum
2,15.908604323863983,model.fc3,within
2,0.03025083790998906,model.fc3,between
2,15.938855161773972,model.fc3,sum
2,2.850801959633827,model.relu3,within
2,0.00553517448133789,model.relu3,between
2,2.856337134115165,model.relu3,sum
2,1.2768250107765198,model.fc4,within
2,0.0023854928149376065,model.fc4,between
2,1.2792105035914574,model.fc4,sum
2,0.226268301717937,model.relu4,within
2,0.00042966917135345284,model.relu4,between
2,0.22669797088929045,model.relu4,sum
2,0.10330802714452147,model.fc5,within
2,0.0001919691139846691,model.fc5,between
2,0.10349999625850614,model.fc5,sum
2,0.01841333054471761,model.relu5,within
2,3.3943509151868057e-05,model.relu5,between
2,0.018447274053869478,model.relu5,sum
2,0.009326851926743984,model.fc6,within
2,1.670395528208246e-05,model.fc6,between
2,0.009343555882026067,model.fc6,sum
2,0.0016819791053421795,model.relu6,within
2,3.08944359517227e-06,model.relu6,between
2,0.0016850685489373518,model.relu6,sum
2,0.0008687218578415923,model.fc7,within
2,1.602130311084693e-06,model.fc7,between
2,0.000870323988152677,model.fc7,sum
2,0.00015597169658576604,model.relu7,within
2,2.980551876419213e-07,model.relu7,between
2,0.00015626975177340796,model.relu7,sum
2,7.779206180202891e-05,model.fc8,within
2,1.5149911725131915e-07,model.fc8,between
2,7.794356091928023e-05,model.fc8,sum
2,1.3900412795919692e-05,model.relu8,within
2,2.7513629374809057e-08,model.relu8,between
2,1.3927926425294501e-05,model.relu8,sum
2,6.5014338588298415e-06,model.fc9,within
2,1.2930404802435902e-08,model.fc9,between
2,6.514364263632277e-06,model.fc9,sum
2,1.1651625797526322e-06,model.relu9,within
2,2.359850606592495e-09,model.relu9,between
2,1.1675224303592246e-06,model.relu9,sum
2,5.222223879997046e-07,model.fc10,within
2,1.0814617222576484e-09,model.fc10,between
2,5.233038497219622e-07,model.fc10,sum
2,43746.550537109375,model,within
2,123.12627172470093,model,between
2,43869.676808834076,model,sum
2,43746.550537109375,,within
2,123.12627172470093,,between
2,43869.676808834076,,sum
3,42707.399169921875,model.flatten,within
3,116.92356634140015,model.flatten,between
3,42824.322736263275,model.flatten,sum
3,42707.399169921875,model.fc0,within
3,116.92356061935425,model.fc0,between
3,42824.32273054123,model.fc0,sum
3,5555.7005615234375,model.relu0,within
3,14.976041793823242,model.relu0,between
3,5570.676603317261,model.relu0,sum
3,2095.0922241210938,model.fc1,within
3,4.909128695726395,model.fc1,between
3,2100.00135281682,model.fc1,sum
3,273.8011350631714,model.relu1,within
3,0.6474395003169775,model.relu1,between
3,274.44857456348836,model.relu1,sum
3,109.37323236465454,model.fc2,within
3,0.22796824760735035,model.fc2,between
3,109.60120061226189,model.fc2,sum
3,14.44399106502533,model.relu2,within
3,0.029923188616521657,model.relu2,between
3,14.473914253641851,model.relu2,sum
3,6.120507121086121,model.fc3,within
3,0.011602112732362002,model.fc3,between
3,6.132109233818483,model.fc3,sum
3,0.7996197156608105,model.relu3,within
3,0.0015169425605563447,model.relu3,between
3,0.8011366582213668,model.relu3,sum
3,0.3740926422178745,model.fc4,within
3,0.0006879908651171718,model.fc4,between
3,0.3747806330829917,model.fc4,sum
3,0.04841118981130421,model.relu4,within
3,9.084904695555451e-05,model.relu4,between
3,0.048502038858259766,model.relu4,sum
3,0.02250674436800182,model.fc5,within
3,4.2540277149782924e-05,model.fc5,between
3,0.0225492846451516,model.fc5,sum
3,0.0029201953584561124,model.relu5,within
3,5.540176402973884e-06,model.relu5,between
3,0.0029257355348590863,model.relu5,sum
3,0.0014923189955879934,model.fc6,within
3,2.7615839002237408e-06,model.fc6,between
3,0.0014950805794882172,model.fc6,sum
3,0.00019585381869546836,model.relu6,within
3,3.7165550281770265e-07,model.relu6,between
3,0.00019622547419828607,model.relu6,sum
3,0.00010129209385922877,model.fc7,within
3,1.9264235007199204e-07,model.fc7,between
3,0.00010148473620930076,model.fc7,sum
3,1.3278392998472555e-05,model.relu7,within
3,2.5657214686169993e-08,model.relu7,between
3,1.3304050213158725e-05,model.relu7,sum
3,6.576488573273309e-06,model.fc8,within
3,1.28341011151889e-08,model.fc8,between
3,6.589322674388498e-06,model.fc8,sum
3,8.59251279905493e-07,model.relu8,within
3,1.7187506001770103e-09,model.relu8,between
3,8.6097003050567e-07,model.relu8,sum
3,4.020802730764217e-07,model.fc9,within
3,8.185827155005043e-10,model.fc9,between
3,4.028988557919222e-07,model.fc9,sum
3,5.261889035601541e-08,model.relu9,within
3,1.0897017229533068e-10,model.relu9,between
3,5.2727860528310744e-08,model.relu9,sum
3,2.401133247786902e-08,model.fc10,within
3,5.031835473463808e-11,model.fc10,between
3,2.4061650832603657e-08,model.fc10,sum
3,42707.399169921875,model,within
3,116.92356634140015,model,between
3,42824.322736263275,model,sum
3,42707.399169921875,,within
3,116.92356634140015,,between
3,42824.322736263275,,sum
4,42601.05419921875,model.flatten,within
4,124.28386116027832,model.flatten,between
4,42725.33806037903,model.flatten,sum
4,42601.05419921875,model.fc0,within
4,124.28384971618652,model.fc0,between
4,42725.33804893494,model.fc0,sum
4,4043.4263458251953,model.relu0,within
4,11.5663380920887,model.relu0,between
4,4054.992683917284,model.relu0,sum
4,1525.5197525024414,model.fc1,within
4,3.782920688390732,model.fc1,between
4,1529.3026731908321,model.fc1,sum
4,145.4821743965149,model.relu1,within
4,0.3637733291834593,model.relu1,between
4,145.84594772569835,model.relu1,sum
4,58.12798714637756,model.fc2,within
4,0.12666936591267586,model.fc2,between
4,58.25465651229024,model.fc2,sum
4,5.6008928418159485,model.relu2,within
4,0.012131303257774562,model.relu2,between
4,5.613024145073723,model.relu2,sum
4,2.418611168861389,model.fc3,within
4,0.004834868217585608,model.fc3,between
4,2.4234460370789748,model.fc3,sum
4,0.23033809196203947,model.relu3,within
4,0.0004660307058657054,model.relu3,between
4,0.23080412266790518,model.relu3,sum
4,0.11072298511862755,model.fc4,within
4,0.00022046615049475804,model.fc4,between
4,0.1109434512691223,model.fc4,sum
4,0.010457084164954722,model.relu4,within
4,2.1451907855407626e-05,model.relu4,between
4,0.01047853607281013,model.relu4,sum
4,0.0049200671492144465,model.fc5,within
4,1.0128653144647615e-05,model.fc5,between
4,0.004930195802359094,model.fc5,sum
4,0.00046742755694140214,model.relu5,within
4,9.558656444141889e-07,model.relu5,between
4,0.00046838342258581633,model.relu5,sum
4,0.00023958449219207978,model.fc6,within
4,4.818938244000037e-07,model.fc6,between
4,0.00024006638601647978,model.fc6,sum
4,2.288721202603483e-05,model.relu6,within
4,4.67817957705563e-08,model.relu6,between
4,2.2933993821805387e-05,model.relu6,sum
4,1.183450734743019e-05,model.fc7,within
4,2.4502680440185998e-08,model.fc7,between
4,1.1859010027870376e-05,model.fc7,sum
4,1.1292607098312146e-06,model.relu7,within
4,2.4062644446432024e-09,model.relu7,between
4,1.1316669742758578e-06,model.relu7,sum
4,5.549975909957539e-07,model.fc8,within
4,1.1910795925940132e-09,model.fc8,between
4,5.561886705883479e-07,model.fc8,sum
4,5.288521576218841e-08,model.relu8,within
4,1.1495842385661481e-10,model.relu8,between
4,5.3000174186045024e-08,model.relu8,sum
4,2.5124731406478418e-08,model.fc9,within
4,5.425584222347457e-11,model.fc9,between
4,2.5178987248701892e-08,model.fc9,sum
4,2.4031131945490003e-09,model.relu9,within
4,5.323393351022547e-12,model.relu9,between
4,2.408436587900023e-09,model.relu9,sum
4,1.0875069803018e-09,model.fc10,within
4,2.452666352350044e-12,model.fc10,between
4,1.08995964665415e-09,model.fc10,sum
4,42601.05419921875,model,within
4,124.28386116027832,model,between
4,42725.33806037903,model,sum
4,42601.05419921875,,within
4,124.28386116027832,,between
4,42725.33806037903,,sum
5,43441.82800292969,model.flatten,within
5,122.1682767868042,model.flatten,between
5,43563.99627971649,model.flatten,sum
5,43441.82800292969,model.fc0,within
5,122.16826629638672,model.fc0,between
5,43563.996269226074,model.fc0,sum
5,3005.8379821777344,model.relu0,within
5,8.169880330562592,model.relu0,between
5,3014.007862508297,model.relu0,sum
5,1132.3176307678223,model.fc1,within
5,2.667558491230011,model.fc1,between
5,1134.9851892590523,model.fc1,sum
5,78.77437257766724,model.relu1,within
5,0.18565414659678936,model.relu1,between
5,78.96002672426403,model.relu1,sum
5,31.523366689682007,model.fc2,within
5,0.06588826002553105,model.fc2,between
5,31.589254949707538,model.fc2,sum
5,2.2157417237758636,model.relu2,within
5,0.004662751394789666,model.relu2,between
5,2.2204044751706533,model.relu2,sum
5,0.9791335463523865,model.fc3,within
5,0.0019355320400791243,model.fc3,between
5,0.9810690783924656,model.fc3,sum
5,0.06799298152327538,model.relu3,within
5,0.00013647077958012233,model.relu3,between
5,0.0681294523028555,model.relu3,sum
5,0.033132842276245356,model.fc4,within
5,6.597520541617996e-05,model.fc4,between
5,0.033198817481661536,model.fc4,sum
5,0.0022790280636399984,model.relu4,within
5,4.655893675931111e-06,model.relu4,between
5,0.0022836839573159295,model.relu4,sum
5,0.0010796777351060882,model.fc5,within
5,2.2113873043849708e-06,model.fc5,between
5,0.0010818891224104732,model.fc5,sum
5,7.501659183617448e-05,model.relu5,within
5,1.5517378981755314e-07,model.relu5,between
5,7.517176562599204e-05,model.relu5,sum
5,3.8432136989285937e-05,model.fc6,within
5,7.885927666428927e-08,model.fc6,between
5,3.8510996265950226e-05,model.fc6,sum
5,2.679515034742508e-06,model.relu6,within
5,5.5923141117908415e-09,model.relu6,between
5,2.6851073488542987e-06,model.relu6,sum
5,1.3862780505746741e-06,model.fc7,within
5,2.9276219504215106e-09,model.fc7,between
5,1.3892056725250956e-06,model.fc7,sum
5,9.638644593579215e-08,model.relu7,within
5,2.0726519979474833e-10,model.relu7,between
5,9.65937111355869e-08,model.relu7,sum
5,4.7156778482104755e-08,model.fc8,within
5,1.0198570980779476e-10,model.fc8,between
5,4.725876419191255e-08,model.fc8,sum
5,3.2856935644476337e-09,model.relu8,within
5,7.1830185029153615e-12,model.relu8,between
5,3.292876582950549e-09,model.relu8,sum
5,1.5943794756667629e-09,model.fc9,within
5,3.5045637995344964e-12,model.fc9,between
5,1.5978840394662974e-09,model.fc9,sum
5,1.115817434109434e-10,model.relu9,within
5,2.4856801018261886e-13,model.relu9,between
5,1.1183031142112602e-10,model.relu9,sum
5,5.074255295459129e-11,model.fc10,within
5,1.1697717743929035e-13,model.fc10,between
5,5.085953013203058e-11,model.fc10,sum
5,43441.82800292969,model,within
5,122.1682767868042,model,between
5,43563.99627971649,model,sum
5,43441.82800292969,,within
5,122.1682767868042,,between
5,43563.99627971649,,sum
7,43140.14855957031,model.flatten,within
7,121.7598786354065,model.flatten,between
7,43261.90843820572,model.flatten,sum
7,43140.14855957031,model.fc0,within
7,121.75986814498901,model.fc0,between
7,43261.9084277153,model.fc0,sum
7,1590.6005630493164,model.relu0,within
7,4.353227838873863,model.relu0,between
7,1594.9537908881903,model.relu0,sum
7,599.0690059661865,model.fc1,within
7,1.418055184185505,model.fc1,between
7,600.487061150372,model.fc1,sum
7,22.182720065116882,model.relu1,within
7,0.05297046736814082,model.relu1,between
7,22.235690532485023,model.relu1,sum
7,8.901616662740707,model.fc2,within
7,0.018846853577997535,model.fc2,between
7,8.920463516318705,model.fc2,sum
7,0.33273485116660595,model.relu2,within
7,0.0006987593042140361,model.relu2,between
7,0.33343361047082,model.relu2,sum
7,0.15498306415975094,model.fc3,within
7,0.00031101461263460806,model.fc3,between
7,0.15529407877238555,model.fc3,sum
7,0.0057410497684031725,model.relu3,within
7,1.1844363541513303e-05,model.relu3,between
7,0.005752894131944686,model.relu3,sum
7,0.0028434266132535413,model.fc4,within
7,5.750881342692082e-06,model.fc4,between
7,0.0028491774945962334,model.fc4,sum
7,0.00010394905120847397,model.relu4,within
7,2.1322352594665972e-07,model.relu4,between
7,0.00010416227473442063,model.relu4,sum
7,4.956208613293711e-05,model.fc5,within
7,1.0362582658629549e-07,model.fc5,between
7,4.9665711959523406e-05,model.fc5,sum
7,1.8452583461225913e-06,model.relu5,within
7,3.859952316109805e-09,model.relu5,between
7,1.8491182984387011e-06,model.relu5,sum
7,9.366261615184612e-07,model.fc6,within
7,1.951240682918076e-09,model.fc6,between
7,9.385774022013793e-07,model.fc6,sum
7,3.480061794292055e-08,model.relu6,within
7,7.272808028556399e-11,model.relu6,between
7,3.487334602320612e-08,model.relu6,sum
7,1.7989459699663257e-08,model.fc7,within
7,3.7913946504888885e-11,model.fc7,between
7,1.8027373646168146e-08,model.fc7,sum
7,6.649577451167676e-10,model.relu7,within
7,1.3920422364181555e-12,model.relu7,between
7,6.663497873531858e-10,model.relu7,sum
7,3.2781342224064147e-10,model.fc8,within
7,6.848078893772862e-13,model.fc8,between
7,3.2849823013001876e-10,model.fc8,sum
7,1.2175489078319196e-11,model.relu8,within
7,2.546064720646945e-14,model.relu8,between
7,1.2200949725525665e-11,model.relu8,sum
7,5.972255757427311e-12,model.fc9,within
7,1.2633874820267075e-14,model.fc9,between
7,5.984889632247578e-12,model.fc9,sum
7,2.4090399339542386e-13,model.relu9,within
7,6.791564963528756e-16,model.relu9,between
7,2.4158314989177673e-13,model.relu9,sum
7,1.0982344379270744e-13,model.fc10,within
7,3.4036376701025896e-16,model.fc10,between
7,1.101638075597177e-13,model.fc10,sum
7,43140.14855957031,model,within
7,121.7598786354065,model,between
7,43261.90843820572,model,sum
7,43140.14855957031,,within
7,121.7598786354065,,between
7,43261.90843820572,,sum
10,42338.49365234375,model.flatten,within
10,118.24542760848999,model.flatten,between
10,42456.73907995224,model.flatten,sum
10,42338.49365234375,model.fc0,within
10,118.24542236328125,model.fc0,between
10,42456.73907470703,model.fc0,sum
10,606.5223655700684,model.relu0,within
10,1.6351793855428696,model.relu0,between
10,608.1575449556112,model.relu0,sum
10,228.56084060668945,model.fc1,within
10,0.5336091909557581,model.fc1,between
10,229.0944497976452,model.fc1,sum
10,3.291904240846634,model.relu1,within
10,0.007764319772832096,model.relu1,between
10,3.299668560619466,model.relu1,sum
10,1.3370473459362984,model.fc2,within
10,0.0028298171964706853,model.fc2,between
10,1.339877163132769,model.fc2,sum
10,0.019394989707507193,model.relu2,within
10,4.103889239104319e-05,model.relu2,between
10,0.019436028599898236,model.relu2,sum
10,0.009518713690340519,model.fc3,within
10,1.95589761347037e-05,model.fc3,between
10,0.009538272666475223,model.fc3,sum
10,0.00013716265675611794,model.relu3,within
10,2.9076186613963273e-07,model.relu3,between
10,0.00013745341862225757,model.relu3,sum
10,6.901713368279161e-05,model.fc4,within
10,1.4454465757651747e-07,model.fc4,between
10,6.916167834036813e-05,model.fc4,sum
10,9.832259735276239e-07,model.relu4,within
10,2.094787156237121e-09,model.relu4,between
10,9.85320760683861e-07,model.relu4,sum
10,4.6875990022954284e-07,model.fc5,within
10,1.0038722596250604e-09,model.fc5,between
10,4.697637724891679e-07,model.fc5,sum
10,6.814594138981889e-09,model.relu5,within
10,1.4740722314651733e-11,model.relu5,between
10,6.8293348612965404e-09,model.relu5,sum
10,3.4443429358654853e-09,model.fc6,within
10,7.44004974274036e-12,model.fc6,between
10,3.4517829856082257e-09,model.fc6,sum
10,4.957621379392263e-11,model.relu6,within
10,1.0729996662437922e-13,model.relu6,between
10,4.968351376054701e-11,model.relu6,sum
10,2.5408239314600456e-11,model.fc7,within
10,5.5527753500540485e-14,model.fc7,between
10,2.5463767068100996e-11,model.fc7,sum
10,3.708477057747959e-13,model.relu7,within
10,8.580527697974624e-16,model.relu7,between
10,3.717057585445934e-13,model.relu7,sum
10,1.8304327356540332e-13,model.fc8,within
10,4.223618783845364e-16,model.fc8,between
10,1.8346563544378786e-13,model.fc8,sum
10,1.4370617622790137e-14,model.relu8,within
10,7.643425551904875e-17,model.relu8,between
10,1.4447051878309186e-14,model.relu8,sum
10,7.006704873505125e-15,model.fc9,within
10,3.7226405268063487e-17,model.fc9,between
10,7.0439312787731886e-15,model.fc9,sum
10,1.6044631282821913e-14,model.relu9,within
10,8.264381765942307e-17,model.relu9,between
10,1.6127275100481336e-14,model.relu9,sum
10,9.825480279498417e-15,model.fc10,within
10,4.8962020282492216e-17,model.fc10,between
10,9.87444229978091e-15,model.fc10,sum
10,42338.49365234375,model,within
10,118.24542760848999,model,between
10,42456.73907995224,model,sum
10,42338.49365234375,,within
10,118.24542760848999,,between
10,42456.73907995224,,sum
14,43608.84167480469,model.flatten,within
14,111.6838002204895,model.flatten,between
14,43720.52547502518,model.flatten,sum
14,43608.84191894531,model.fc0,within
14,111.68379497528076,model.fc0,between
14,43720.52571392059,model.fc0,sum
14,176.89991331100464,model.relu0,within
14,0.44266959093511105,model.relu0,between
14,177.34258290193975,model.relu0,sum
14,66.61673331260681,model.fc1,within
14,0.14462903561070561,model.fc1,between
14,66.76136234821752,model.fc1,sum
14,0.27167942095547915,model.relu1,within
14,0.0005956472105026478,model.relu1,between
14,0.2722750681659818,model.relu1,sum
14,0.11496909847483039,model.fc2,within
14,0.00023009525102679618,model.fc2,between
14,0.11519919372585719,model.fc2,sum
14,0.00047150644786597695,model.relu2,within
14,9.412961929911035e-07,model.relu2,between
14,0.00047244774405896806,model.relu2,sum
14,0.000235457035159925,model.fc3,within
14,4.6778717965878513e-07,model.fc3,between
14,0.00023592482233958378,model.fc3,sum
14,9.641561007356358e-07,model.relu3,within
14,1.9852152213784002e-09,model.relu3,between
14,9.661413159570142e-07,model.relu3,sum
14,4.870415555302543e-07,model.fc4,within
14,1.008042805478171e-09,model.fc4,between
14,4.880495983357325e-07,model.fc4,sum
14,1.9657212108059596e-09,model.relu4,within
14,4.1215617615879274e-12,model.relu4,between
14,1.9698427725675476e-09,model.relu4,sum
14,9.362912736787798e-10,model.fc5,within
14,1.991516353954184e-12,model.fc5,between
14,9.38282790032734e-10,model.fc5,sum
14,3.8561289713657035e-12,model.relu5,within
14,8.291464304398171e-15,model.relu5,between
14,3.864420435670102e-12,model.relu5,sum
14,1.9461054336501575e-12,model.fc6,within
14,4.1029412256089905e-15,model.fc6,between
14,1.9502083748757665e-12,model.fc6,sum
14,1.0399391899833542e-14,model.relu6,within
14,3.8921144487590706e-17,model.relu6,between
14,1.0438313044321132e-14,model.relu6,sum
14,5.2750598858355546e-15,model.fc7,within
14,1.949849547635119e-17,model.fc7,between
14,5.294558381311906e-15,model.fc7,sum
14,4.103496905692169e-15,model.relu7,within
14,2.3409913198000434e-17,model.relu7,between
14,4.126906818890169e-15,model.relu7,sum
14,2.0778103331441192e-15,model.fc8,within
14,1.1860245335045117e-17,model.fc8,between
14,2.0896705784791643e-15,model.fc8,sum
14,3.728240848918882e-15,model.relu8,within
14,2.2529648269636816e-17,model.relu8,between
14,3.7507704971885186e-15,model.relu8,sum
14,1.916067843383804e-15,model.fc9,within
14,1.1173113638027677e-17,model.fc9,between
14,1.9272409570218315e-15,model.fc9,sum
14,5.2160496944387484e-15,model.relu9,within
14,2.9808614528133224e-17,model.relu9,between
14,5.245858308966882e-15,model.relu9,sum
14,3.1850779142325177e-15,model.fc10,within
14,1.9149498670133175e-17,model.fc10,between
14,3.204227412902651e-15,model.fc10,sum
14,43608.84167480469,model,within
14,111.6838002204895,model,between
14,43720.52547502518,model,sum
14,43608.84167480469,,within
14,111.6838002204895,,between
14,43720.52547502518,,sum
20,42682.76171875,model.flatten,within
20,123.15072870254517,model.flatten,between
20,42805.912447452545,model.flatten,sum
20,42682.76171875,model.fc0,within
20,123.15072679519653,model.fc0,between
20,42805.9124455452,model.fc0,sum
20,26.122750282287598,model.relu0,within
20,0.07362526538781822,model.relu0,between
20,26.196375547675416,model.relu0,sum
20,9.84823226928711,model.fc1,within
20,0.02397827967070043,model.fc1,between
20,9.87221054895781,model.fc1,sum
20,0.0060611187655013055,model.relu1,within
20,1.4804656643718772e-05,model.relu1,between
20,0.006075923422145024,model.relu1,sum
20,0.0028613571339519694,model.fc2,within
20,6.8161787112330785e-06,model.fc2,between
20,0.0028681733126632025,model.fc2,sum
20,1.7622328982724866e-06,model.relu2,within
20,4.218707480574402e-09,model.relu2,between
20,1.766451605753061e-06,model.relu2,sum
20,8.90757661409225e-07,model.fc3,within
20,2.1185895399122856e-09,model.fc3,between
20,8.928762509491373e-07,model.fc3,sum
20,5.502377511956702e-10,model.relu3,within
20,1.3189720176514166e-12,model.relu3,between
20,5.515567232133216e-10,model.relu3,sum
20,2.811624006532343e-10,model.fc4,within
20,6.813409767479107e-13,model.fc4,between
20,2.818437416299822e-10,model.fc4,sum
20,1.7109761788521981e-13,model.relu4,within
20,4.2388483700625473e-16,model.relu4,between
20,1.7152150272222607e-13,model.relu4,sum
20,8.092208586229469e-14,model.fc5,within
20,2.025889620573013e-16,model.fc5,between
20,8.112467482435199e-14,model.fc5,sum
20,6.067137553847678e-16,model.relu5,within
20,3.3630810636057333e-18,model.relu5,between
20,6.100768364483735e-16,model.relu5,sum
20,3.1839531405053477e-16,model.fc6,within
20,1.6947908019932298e-18,model.fc6,between
20,3.20090104852528e-16,model.fc6,sum
20,6.476245566908114e-16,model.relu6,within
20,3.1559707546540937e-18,model.relu6,between
20,6.507805274454655e-16,model.relu6,sum
20,3.4009323428220105e-16,model.fc7,within
20,1.663587998324081e-18,model.fc7,between
20,3.4175682228052513e-16,model.fc7,sum
20,5.763738723208986e-16,model.relu7,within
20,3.122414518744655e-18,model.relu7,between
20,5.794962868396433e-16,model.relu7,sum
20,3.038852227650399e-16,model.fc8,within
20,1.6184187023763719e-18,model.fc8,between
20,3.0550364146741625e-16,model.fc8,sum
20,5.681269080835245e-16,model.relu8,within
20,3.1459155729772932e-18,model.relu8,between
20,5.712728236565018e-16,model.relu8,sum
20,2.6460784177971494e-16,model.fc9,within
20,1.4518393387110357e-18,model.fc9,between
20,2.6605968111842597e-16,model.fc9,sum
20,1.0179786749796603e-15,model.relu9,within
20,4.7773079828761e-18,model.relu9,between
20,1.0227559829625364e-15,model.relu9,sum
20,6.934820535698772e-16,model.fc10,within
20,3.280116347431525e-18,model.fc10,between
20,6.9676216991730875e-16,model.fc10,sum
20,42682.76171875,model,within
20,123.15072870254517,model,between
20,42805.912447452545,model,sum
20,42682.76171875,,within
20,123.15072870254517,,between
20,42805.912447452545,,sum
30,42408.72900390625,model.flatten,within
30,114.87987613677979,model.flatten,between
30,42523.60888004303,model.flatten,sum
30,42408.72900390625,model.fc0,within
30,114.87987232208252,model.fc0,between
30,42523.60887622833,model.fc0,sum
30,1.1098427549004555,model.relu0,within
30,0.0029404806555248797,model.relu0,between
30,1.1127832355559804,model.relu0,sum
30,0.41874721087515354,model.fc1,within
30,0.0009560602084093262,model.fc1,between
30,0.41970327108356287,model.fc1,sum
30,1.1012221534656419e-05,model.relu1,within
30,2.532516818476438e-08,model.relu1,between
30,1.1037546702841183e-05,model.relu1,sum
30,5.499903096506387e-06,model.fc2,within
30,1.2912329649950038e-08,model.fc2,between
30,5.512815426156337e-06,model.fc2,sum
30,1.4416803514882837e-10,model.relu2,within
30,3.383752171282105e-13,model.relu2,between
30,1.4450641036595658e-10,model.relu2,sum
30,7.340567997199399e-11,model.fc3,within
30,1.7271458175867165e-13,model.fc3,between
30,7.357839455375266e-11,model.fc3,sum
30,1.9465129206605326e-15,model.relu3,within
30,4.770575895912655e-18,model.relu3,between
30,1.9512834965564452e-15,model.relu3,sum
30,9.936493939577893e-16,model.fc4,within
30,2.4868503209389304e-18,model.fc4,between
30,9.961362442787282e-16,model.fc4,sum
30,3.2919083705802606e-17,model.relu4,within
30,1.374234765830868e-19,model.relu4,between
30,3.305650718238569e-17,model.relu4,sum
30,1.3635129515435927e-17,model.fc5,within
30,6.18837472485528e-20,model.fc5,between
30,1.369701326268448e-17,model.fc5,sum
30,3.198397670282672e-17,model.relu5,within
30,1.416178332039433e-19,model.relu5,between
30,3.2125594536030666e-17,model.relu5,sum
30,1.5979193935288697e-17,model.fc6,within
30,6.892947864361699e-20,model.fc6,between
30,1.6048123413932314e-17,model.fc6,sum
30,3.1942300448434157e-17,model.relu6,within
30,1.293535429166978e-19,model.relu6,between
30,3.2071653991350855e-17,model.relu6,sum
30,1.7259682655013008e-17,model.fc7,within
30,6.709080760320541e-20,model.fc7,between
30,1.7326773462616214e-17,model.fc7,sum
30,3.2718594357268994e-17,model.relu7,within
30,1.4127208059362537e-19,model.relu7,between
30,3.285986643786262e-17,model.relu7,sum
30,1.763085007299655e-17,model.fc8,within
30,7.268575629231823e-20,model.fc8,between
30,1.770353582928887e-17,model.fc8,sum
30,2.998635186032826e-17,model.relu8,within
30,1.3991975822996194e-19,model.relu8,between
30,3.012627161855822e-17,model.relu8,sum
30,1.5079410646396125e-17,model.fc9,within
30,6.726415889098174e-20,model.fc9,between
30,1.5146674805287106e-17,model.fc9,sum
30,8.715026579015838e-17,model.relu9,within
30,3.8530325287430343e-19,model.relu9,between
30,8.753556904303269e-17,model.relu9,sum
30,7.190840131755264e-17,model.fc10,within
30,3.206568698021495e-19,model.fc10,between
30,7.222905818735478e-17,model.fc10,sum
30,42408.72900390625,model,within
30,114.87987613677979,model,between
30,42523.60888004303,model,sum
30,42408.72900390625,,within
30,114.87987613677979,,between
30,42523.60888004303,,sum
40,42694.239501953125,model.flatten,within
40,121.66215753555298,model.flatten,between
40,42815.90165948868,model.flatten,sum
40,42694.239990234375,model.fc0,within
40,121.66214990615845,model.fc0,between
40,42815.90214014053,model.fc0,sum
40,0.04773266310803592,model.relu0,within
40,0.0001330099562437681,model.relu0,between
40,0.04786567306427969,model.relu0,sum
40,0.017994618858210742,model.fc1,within
40,4.34590184568151e-05,model.fc1,between
40,0.018038077876667558,model.fc1,sum
40,2.0235730646689376e-08,model.relu1,within
40,4.959121763410679e-11,model.relu1,between
40,2.0285321864323483e-08,model.relu1,sum
40,1.0153559382164445e-08,model.fc2,within
40,2.527993374530635e-11,model.fc2,between
40,1.0178839315909752e-08,model.fc2,sum
40,1.1355652551432922e-14,model.relu2,within
40,2.812540207044193e-17,model.relu2,between
40,1.1383777953503364e-14,model.relu2,sum
40,5.783525981957108e-15,model.fc3,within
40,1.424128948456753e-17,model.fc3,between
40,5.797767271441676e-15,model.fc3,sum
40,1.1143750393567966e-18,model.relu3,within
40,5.763612098384661e-21,model.relu3,between
40,1.1201386514551813e-18,model.relu3,sum
40,5.55064560636281e-19,model.fc4,within
40,2.914443761817995e-21,model.fc4,between
40,5.57979004398099e-19,model.fc4,sum
40,1.1792256956505728e-18,model.relu4,within
40,5.591015895645035e-21,model.relu4,between
40,1.1848167115462179e-18,model.relu4,sum
40,5.390150789412957e-19,model.fc5,within
40,2.366331151075804e-21,model.fc5,between
40,5.413814100923715e-19,model.fc5,sum
40,1.2635176231176226e-18,model.relu5,within
40,5.469651551264729e-21,model.relu5,between
40,1.2689872746688873e-18,model.relu5,sum
40,6.742020433249724e-19,model.fc6,within
40,2.7311311929144163e-21,model.fc6,between
40,6.769331745178868e-19,model.fc6,sum
40,1.1172438309681012e-18,model.relu6,within
40,5.6277832761768695e-21,model.relu6,between
40,1.1228716142442781e-18,model.relu6,sum
40,5.858851648571647e-19,model.fc7,within
40,2.990746957653334e-21,model.fc7,between
40,5.888759118148181e-19,model.fc7,sum
40,1.1706042893939652e-18,model.relu7,within
40,5.591443470877439e-21,model.relu7,between
40,1.1761957328648427e-18,model.relu7,sum
40,6.498354027424343e-19,model.fc8,within
40,2.9177418567340918e-21,model.fc8,between
40,6.527531445991684e-19,model.fc8,sum
40,1.1593054222791457e-18,model.relu8,within
40,6.131418533309281e-21,model.relu8,between
40,1.165436840812455e-18,model.relu8,sum
40,5.5582536646702515e-19,model.fc9,within
40,3.11991022075637e-21,model.fc9,between
40,5.589452766877815e-19,model.fc9,sum
40,6.171458634143739e-18,model.relu9,within
40,3.0972160632378703e-20,model.relu9,between
40,6.202430794776118e-18,model.relu9,sum
40,5.660601969094705e-18,model.fc10,within
40,2.8563353739177817e-20,model.fc10,between
40,5.689165322833883e-18,model.fc10,sum
40,42694.239501953125,model,within
40,121.66215753555298,model,between
40,42815.90165948868,model,sum
40,42694.239501953125,,within
40,121.66215753555298,,between
40,42815.90165948868,,sum
50,42719.453369140625,model.flatten,within
50,117.44292736053467,model.flatten,between
50,42836.89629650116,model.flatten,sum
50,42719.453369140625,model.fc0,within
50,117.4429235458374,model.fc0,between
50,42836.89629268646,model.fc0,sum
50,0.0020434485268197022,model.relu0,within
50,5.458311250094994e-06,model.relu0,between
50,0.0020489068380697972,model.relu0,sum
50,0.0007701650720264297,model.fc1,within
50,1.7919777235420042e-06,model.fc1,between
50,0.0007719570497499717,model.fc1,sum
50,3.702382671277871e-11,model.relu1,within
50,8.66254572752718e-14,model.relu1,between
50,3.711045217005398e-11,model.relu1,sum
50,1.8575874020411443e-11,model.fc2,within
50,4.4562424319114185e-14,model.fc2,between
50,1.8620436444730557e-11,model.fc2,sum
50,9.053929046894805e-19,model.relu2,within
50,2.3472183135197473e-21,model.relu2,between
50,9.077401230030002e-19,model.relu2,sum
50,4.611239138282725e-19,model.fc3,within
50,1.1737328312171506e-21,model.fc3,between
50,4.622976466594897e-19,model.fc3,sum
50,4.398422926156585e-20,model.relu3,within
50,1.9226827010228112e-22,model.relu3,between
50,4.417649753166813e-20,model.relu3,sum
50,2.3568710881863604e-20,model.fc4,within
50,9.939829948198217e-23,model.fc4,between
50,2.3668109181345587e-20,model.fc4,sum
50,4.209741130118357e-20,model.relu4,within
50,2.0395484524951237e-22,model.relu4,between
50,4.230136614643308e-20,model.relu4,sum
50,1.8536650925554243e-20,model.fc5,within
50,9.226849494564324e-23,model.fc5,between
50,1.8628919420499886e-20,model.fc5,sum
50,4.3732147383529056e-20,model.relu5,within
50,2.0592184309541019e-22,model.relu5,between
50,4.3938069226624466e-20,model.relu5,sum
50,2.2869565347723176e-20,model.fc6,within
50,1.0672964141352606e-22,model.fc6,between
50,2.2976294989136702e-20,model.fc6,sum
50,4.80868267936174e-20,model.relu6,within
50,2.0789020567067403e-22,model.relu6,between
50,4.8294716999288073e-20,model.relu6,sum
50,2.5507105249805056e-20,model.fc7,within
50,1.0101505097457091e-22,model.fc7,between
50,2.5608120300779627e-20,model.fc7,sum
50,4.526796974944714e-20,model.relu7,within
50,2.09254089377816e-22,model.relu7,between
50,4.547722383882496e-20,model.relu7,sum
50,2.2646803750837442e-20,model.fc8,within
50,1.060921076957536e-22,model.fc8,between
50,2.2752895858533195e-20,model.fc8,sum
50,4.309607013017957e-20,model.relu8,within
50,2.0207937577900373e-22,model.relu8,between
50,4.3298149505958573e-20,model.relu8,sum
50,2.1127592447933257e-20,model.fc9,within
50,9.950895300115752e-23,model.fc9,between
50,2.1227101400934415e-20,model.fc9,sum
50,4.886406262044745e-19,model.relu9,within
50,2.436824291680882e-21,model.relu9,between
50,4.910774504961554e-19,model.relu9,sum
50,4.663676314510964e-19,model.fc10,within
50,2.3276003020617615e-21,model.fc10,between
50,4.686952317531581e-19,model.fc10,sum
50,42719.453369140625,model,within
50,117.44292736053467,model,between
50,42836.89629650116,model,sum
50,42719.453369140625,,within
50,117.44292736053467,,between
50,42836.89629650116,,sum
70,42415.20361328125,model.flatten,within
70,118.07384967803955,model.flatten,between
70,42533.27746295929,model.flatten,sum
70,42415.203125,model.fc0,within
70,118.0738410949707,model.fc0,between
70,42533.27696609497,model.fc0,sum
70,1.0178123886817048e-05,model.relu0,within
70,2.7520430267991003e-08,model.relu0,between
70,1.0205644317085039e-05,model.relu0,sum
70,3.840853906922348e-06,model.fc1,within
70,8.955804875476758e-09,model.fc1,between
70,3.849809711797825e-06,model.fc1,sum
70,9.253714312732696e-16,model.relu1,within
70,2.1717679133732424e-18,model.relu1,between
70,9.275431991866429e-16,model.relu1,sum
70,4.645925919416962e-16,model.fc2,within
70,1.1175509928563454e-18,model.fc2,between
70,4.657101429345525e-16,model.fc2,sum
70,2.4575121562985285e-22,model.relu2,within
70,1.1955383309404366e-24,model.relu2,between
70,2.469467539607933e-22,model.relu2,sum
70,1.2793041629199917e-22,model.fc3,within
70,6.1830713448574405e-25,model.fc3,between
70,1.285487234264849e-22,model.fc3,sum
70,2.422482693138881e-22,model.relu3,within
70,1.1510725713179889e-24,model.relu3,between
70,2.4339934188520608e-22,model.relu3,sum
70,1.2131844293081356e-22,model.fc4,within
70,5.795638550699432e-25,model.fc4,between
70,1.218980067858835e-22,model.fc4,sum
70,2.277160220237568e-22,model.relu4,within
70,1.2021837568357766e-24,model.relu4,between
70,2.2891820578059257e-22,model.relu4,sum
70,9.340993249928735e-23,model.fc5,within
70,5.167801350936572e-25,model.fc5,between
70,9.3926712634381e-23,model.fc5,sum
70,2.4956360683538685e-22,model.relu5,within
70,1.2431875880497103e-24,model.relu5,between
70,2.5080679442343656e-22,model.relu5,sum
70,1.3368994971444657e-22,model.fc6,within
70,6.745274238785143e-25,model.fc6,between
70,1.3436447713832508e-22,model.fc6,sum
70,2.4507095878317543e-22,model.relu6,within
70,1.2234821446231047e-24,model.relu6,between
70,2.4629444092779853e-22,model.relu6,sum
70,1.3022227573613695e-22,model.fc7,within
70,6.40549915117626e-25,model.fc7,between
70,1.3086282565125458e-22,model.fc7,sum
70,2.4773929183913817e-22,model.relu7,within
70,1.1873080711605559e-24,model.relu7,between
70,2.4892659991029873e-22,model.relu7,sum
70,1.1819175960081206e-22,model.fc8,within
70,6.204996686012169e-25,model.fc8,between
70,1.1881225926941327e-22,model.fc8,sum
70,2.5138375349061235e-22,model.relu8,within
70,1.235557608277872e-24,model.relu8,between
70,2.526193110988902e-22,model.relu8,sum
70,1.266217386487264e-22,model.fc9,within
70,6.090735237531079e-25,model.fc9,between
70,1.272308121724795e-22,model.fc9,sum
70,8.567298577419275e-21,model.relu9,within
70,4.659649748074533e-23,model.relu9,between
70,8.61389507490002e-21,model.relu9,sum
70,8.44969070031721e-21,model.fc10,within
70,4.599968989049626e-23,model.fc10,between
70,8.495690390207707e-21,model.fc10,sum
70,42415.20361328125,model,within
70,118.07384967803955,model,between
70,42533.27746295929,model,sum
70,42415.20361328125,,within
70,118.07384967803955,,between
70,42533.27746295929,,sum
100,42076.45849609375,model.flatten,within
100,116.30157279968262,model.flatten,between
100,42192.76006889343,model.flatten,sum
100,42076.45849609375,model.fc0,within
100,116.30155992507935,model.fc0,between
100,42192.76005601883,model.fc0,sum
100,1.5296871751502295e-06,model.relu0,within
100,4.141005496838268e-09,model.relu0,between
100,1.5338281806470677e-06,model.relu0,sum
100,5.772075652998865e-07,model.fc1,within
100,1.3497562859066115e-09,model.fc1,between
100,5.785573215857931e-07,model.fc1,sum
100,2.1093073049865586e-17,model.relu1,within
100,4.984939055337717e-20,model.relu1,between
100,2.1142922440418964e-17,model.relu1,sum
100,1.0580607939267488e-17,model.fc2,within
100,2.5419093717305554e-20,model.fc2,between
100,1.0606027032984793e-17,model.fc2,sum
100,3.477705449124771e-23,model.relu2,within
100,1.8584279333217703e-25,model.relu2,between
100,3.4962897284579887e-23,model.relu2,sum
100,1.84792706253462e-23,model.fc3,within
100,9.577680890540021e-26,model.fc3,between
100,1.85750474342516e-23,model.fc3,sum
100,3.3557920252111344e-23,model.relu3,within
100,1.7635701365857449e-25,model.relu3,between
100,3.373427726576992e-23,model.relu3,sum
100,1.6826306571510905e-23,model.fc4,within
100,9.164034972651177e-26,model.fc4,between
100,1.6917946921237417e-23,model.fc4,sum
100,3.431577024628721e-23,model.relu4,within
100,1.8250976895558477e-25,model.relu4,between
100,3.4498280015242797e-23,model.relu4,sum
100,1.5596187937307403e-23,model.fc5,within
100,7.95592003413626e-26,model.fc5,between
100,1.5675747137648765e-23,model.fc5,sum
100,3.4823840451029784e-23,model.relu5,within
100,1.9210322120940218e-25,model.relu5,between
100,3.5015943672239186e-23,model.relu5,sum
100,1.9257995654011255e-23,model.fc6,within
100,1.0520108053955484e-25,model.fc6,between
100,1.936319673455081e-23,model.fc6,sum
100,3.5531291108047213e-23,model.relu6,within
100,1.8646727380552866e-25,model.relu6,between
100,3.571775838185274e-23,model.relu6,sum
100,1.9588448402524592e-23,model.fc7,within
100,9.520559349133451e-26,model.fc7,between
100,1.9683653996015926e-23,model.fc7,sum
100,3.551229494301904e-23,model.relu7,within
100,2.0179132521626644e-25,model.relu7,between
100,3.5714086268235305e-23,model.relu7,sum
100,1.8360809059538585e-23,model.fc8,within
100,1.045663702967106e-25,model.fc8,between
100,1.8465375429835296e-23,model.fc8,sum
100,3.5439573997686466e-23,model.relu8,within
100,1.8467254745341681e-25,model.relu8,between
100,3.562424654513988e-23,model.relu8,sum
100,1.808727252672933e-23,model.fc9,within
100,8.771672583614954e-26,model.fc9,between
100,1.817498925256548e-23,model.fc9,sum
100,2.563300644053637e-21,model.relu9,within
100,1.2840062748417837e-23,model.relu9,between
100,2.576140706802055e-21,model.relu9,sum
100,2.5470189841102078e-21,model.fc10,within
100,1.2755073635502493e-23,model.fc10,between
100,2.5597740577457103e-21,model.fc10,sum
100,42076.45849609375,model,within
100,116.30157279968262,model,between
100,42192.76006889343,model,sum
100,42076.45849609375,,within
100,116.30157279968262,,between
100,42192.76006889343,,sum
130,43501.07568359375,model.flatten,within
130,119.95526027679443,model.flatten,between
130,43621.030943870544,model.flatten,sum
130,43501.07568359375,model.fc0,within
130,119.95524501800537,model.fc0,between
130,43621.030928611755,model.fc0,sum
130,2.400540290992126e-07,model.relu0,within
130,6.536066236850768e-10,model.relu0,between
130,2.4070763572289766e-07,model.relu0,sum
130,9.041103599116695e-08,model.fc1,within
130,2.113069025311276e-10,model.fc1,between
130,9.062234289369808e-08,model.fc1,sum
130,5.008853581938771e-19,model.relu1,within
130,1.191358230515646e-21,model.relu1,between
130,5.020767164243928e-19,model.relu1,sum
130,2.5142503200694057e-19,model.fc2,within
130,6.056377584342055e-22,model.fc2,between
130,2.5203066976537477e-19,model.fc2,sum
130,5.798510152305856e-24,model.relu2,within
130,3.594290832836984e-26,model.relu2,between
130,5.834453060634226e-24,model.relu2,sum
130,2.7504381796902626e-24,model.fc3,within
130,1.8259030075324435e-26,model.fc3,between
130,2.768697209765587e-24,model.fc3,sum
130,5.590855559863264e-24,model.relu3,within
130,3.2980671688390785e-26,model.relu3,between
130,5.623836231551655e-24,model.relu3,sum
130,2.8580374513077277e-24,model.fc4,within
130,1.7226665469439287e-26,model.fc4,between
130,2.875264116777167e-24,model.fc4,sum
130,5.641148425451401e-24,model.relu4,within
130,3.7130084672085173e-26,model.relu4,between
130,5.6782785101234864e-24,model.relu4,sum
130,2.4017765000283548e-24,model.fc5,within
130,1.6638348278949915e-26,model.fc5,between
130,2.4184148483073047e-24,model.fc5,sum
130,5.8398773279223536e-24,model.relu5,within
130,3.470103499645492e-26,model.relu5,between
130,5.8745783629188085e-24,model.relu5,sum
130,2.982369756949853e-24,model.fc6,within
130,1.8475342630365237e-26,model.fc6,between
130,3.0008450995802184e-24,model.fc6,sum
130,5.7833372509586414e-24,model.relu6,within
130,3.5538543158734204e-26,model.relu6,between
130,5.818875794117376e-24,model.relu6,sum
130,3.0052568304816107e-24,model.fc7,within
130,1.8660635194756766e-26,model.fc7,between
130,3.0239174656763674e-24,model.fc7,sum
130,5.908459761034717e-24,model.relu7,within
130,3.7993551288526886e-26,model.relu7,between
130,5.946453312323244e-24,model.relu7,sum
130,3.0816070783200723e-24,model.fc8,within
130,1.9168661039940115e-26,model.fc8,between
130,3.1007757393600124e-24,model.fc8,sum
130,6.083927423385804e-24,model.relu8,within
130,3.510914051463555e-26,model.relu8,between
130,6.11903656390044e-24,model.relu8,sum
130,2.8109375372113273e-24,model.fc9,within
130,1.6266331221253205e-26,model.fc9,between
130,2.8272038684325805e-24,model.fc9,sum
130,7.140336618284538e-22,model.relu9,within
130,4.930234028110566e-24,model.relu9,between
130,7.189638958565643e-22,model.relu9,sum
130,7.113995606026122e-22,model.fc10,within
130,4.9149671044042104e-24,model.fc10,between
130,7.163145277070164e-22,model.fc10,sum
130,43501.07568359375,model,within
130,119.95526027679443,model,between
130,43621.030943870544,model,sum
130,43501.07568359375,,within
130,119.95526027679443,,between
130,43621.030943870544,,sum
160,43010.04638671875,model.flatten,within
160,115.755699634552,model.flatten,between
160,43125.8020863533,model.flatten,sum
160,43010.0458984375,model.fc0,within
160,115.75569772720337,model.fc0,between
160,43125.8015961647,model.fc0,sum
160,1.397735758246199e-07,model.relu0,within
160,3.671395583382253e-10,model.relu0,between
160,1.4014071538295814e-07,model.relu0,sum
160,5.272028613667601e-08,model.fc1,within
160,1.20452039401725e-10,model.fc1,between
160,5.2840738176077734e-08,model.fc1,sum
160,1.7222566379149983e-19,model.relu1,within
160,3.993083535075565e-22,model.relu1,between
160,1.726249721450074e-19,model.relu1,sum
160,8.638240311035627e-20,model.fc2,within
160,2.0324713840991597e-22,model.fc2,between
160,8.658565024876619e-20,model.fc2,sum
160,3.3319909379915425e-24,model.relu2,within
160,1.5334347143330989e-26,model.relu2,between
160,3.3473252851348735e-24,model.relu2,sum
160,1.680384858900778e-24,model.fc3,within
160,8.16217613412015e-27,model.fc3,between
160,1.6885470350348983e-24,model.fc3,sum
160,3.363399854015273e-24,model.relu3,within
160,1.4649676929578387e-26,model.relu3,between
160,3.3780495309448514e-24,model.relu3,sum
160,1.6488351681833207e-24,model.fc4,within
160,7.334547848010827e-27,model.fc4,between
160,1.6561697160313315e-24,model.fc4,sum
160,3.3439076680410375e-24,model.relu4,within
160,1.5314041678741325e-26,model.relu4,between
160,3.359221709719779e-24,model.relu4,sum
160,1.5080274902097027e-24,model.fc5,within
160,6.467103367713729e-27,model.fc5,between
160,1.5144945935774165e-24,model.fc5,sum
160,3.428234507574545e-24,model.relu5,within
160,1.6498141349370502e-26,model.relu5,between
160,3.444732648923915e-24,model.relu5,sum
160,1.8182350233850126e-24,model.fc6,within
160,8.828233438666464e-27,model.fc6,between
160,1.827063256823679e-24,model.fc6,sum
160,3.508915700390283e-24,model.relu6,within
160,1.6497906000731298e-26,model.relu6,between
160,3.525413606391014e-24,model.relu6,sum
160,1.8411383548469887e-24,model.fc7,within
160,8.463154206556668e-27,model.fc7,between
160,1.8496015090535453e-24,model.fc7,sum
160,3.1740400553004043e-24,model.relu7,within
160,1.5636418277307443e-26,model.relu7,between
160,3.1896764735777118e-24,model.relu7,sum
160,1.6388071806821028e-24,model.fc8,within
160,7.943939141730668e-27,model.fc8,between
160,1.6467511198238335e-24,model.fc8,sum
160,3.755882584398885e-24,model.relu8,within
160,1.719807224681644e-26,model.relu8,between
160,3.7730806566457014e-24,model.relu8,sum
160,1.7954739703828642e-24,model.fc9,within
160,8.251693406083518e-27,model.fc9,between
160,1.8037256637889477e-24,model.fc9,sum
160,6.05206065347876e-22,model.relu9,within
160,2.8651060764268155e-24,model.relu9,between
160,6.080711714243028e-22,model.relu9,sum
160,6.036149802336995e-22,model.fc10,within
160,2.8573233719511313e-24,model.fc10,between
160,6.064723036056506e-22,model.fc10,sum
160,43010.04638671875,model,within
160,115.755699634552,model,between
160,43125.8020863533,model,sum
160,43010.04638671875,,within
160,115.755699634552,,between
160,43125.8020863533,,sum
200,42747.40478515625,model.flatten,within
200,125.01378774642944,model.flatten,between
200,42872.41857290268,model.flatten,sum
200,42747.405029296875,model.fc0,within
200,125.01377725601196,model.fc0,between
200,42872.41880655289,model.fc0,sum
200,8.407429996637461e-08,model.relu0,within
200,2.405755473305904e-10,model.relu0,between
200,8.43148755137052e-08,model.relu0,sum
200,3.1717241943951535e-08,model.fc1,within
200,7.831916582282106e-11,model.fc1,between
200,3.1795561109774356e-08,model.fc1,sum
200,6.262549682515594e-20,model.relu1,within
200,1.547452688971887e-22,model.relu1,between
200,6.278024209405313e-20,model.relu1,sum
200,3.139854941798152e-20,model.fc2,within
200,7.916165935781751e-23,model.fc2,between
200,3.147771107733934e-20,model.fc2,sum
200,1.9703318802320705e-24,model.relu2,within
200,1.0557905199486062e-26,model.relu2,between
200,1.9808897854315566e-24,model.relu2,sum
200,9.933329369491027e-25,model.fc3,within
200,5.236314195962999e-27,model.fc3,between
200,9.985692511450657e-25,model.fc3,sum
200,1.9048851322401056e-24,model.relu3,within
200,9.406393467222132e-27,model.relu3,between
200,1.9142915257073277e-24,model.relu3,sum
200,9.721642366619978e-25,model.fc4,within
200,4.984544115088061e-27,model.fc4,between
200,9.771487807770859e-25,model.fc4,sum
200,2.092997187195996e-24,model.relu4,within
200,9.314687086987477e-27,model.relu4,between
200,2.1023118742829834e-24,model.relu4,sum
200,9.094734358721807e-25,model.fc5,within
200,4.0364939295697664e-27,model.fc5,between
200,9.135099298017505e-25,model.fc5,sum
200,1.8610465293632602e-24,model.relu5,within
200,9.314507205130671e-27,model.relu5,between
200,1.870361036568391e-24,model.relu5,sum
200,9.599165178330045e-25,model.fc6,within
200,4.645751876715082e-27,model.fc6,between
200,9.645622697097196e-25,model.fc6,sum
200,2.0449111846421176e-24,model.relu6,within
200,9.280730390210753e-27,model.relu6,between
200,2.0541919150323283e-24,model.relu6,sum
200,1.0844074461468376e-24,model.fc7,within
200,4.676254442210671e-27,model.fc7,between
200,1.0890837005890482e-24,model.fc7,sum
200,2.044303391966548e-24,model.relu7,within
200,1.0150855139063207e-26,model.relu7,between
200,2.0544542471056113e-24,model.relu7,sum
200,1.1013512108037808e-24,model.fc8,within
200,5.028110768953039e-27,model.fc8,between
200,1.1063793215727339e-24,model.fc8,sum
200,2.005977386073242e-24,model.relu8,within
200,9.378753531773507e-27,model.relu8,between
200,2.0153561396050156e-24,model.relu8,sum
200,9.545439251712144e-25,model.fc9,within
200,4.609433339825184e-27,model.fc9,between
200,9.591533585110396e-25,model.fc9,sum
200,3.8795721779444332e-22,model.relu9,within
200,1.779326825817702e-24,model.relu9,between
200,3.8973654462026103e-22,model.relu9,sum
200,3.8704478656158487e-22,model.fc10,within
200,1.77479056746389e-24,model.fc10,between
200,3.8881957712904876e-22,model.fc10,sum
200,42747.40478515625,model,within
200,125.01378774642944,model,between
200,42872.41857290268,model,sum
200,42747.40478515625,,within
200,125.01378774642944,,between
200,42872.41857290268,,sum
